INSERT INTO STUDENTS(ST_ID,ST_AGE,ST_FIRSTNAME,ST_LASTNAME,ST_EMAIL,ST_DEGREE,ST_GPA,ST_MAJOR,ST_PERFORMANCE) VALUES (1,23,'Narmina','Aghayeva','naghayeva4607@ada.edu.az','master',3.31,'Information Technologies','Good Performance');
INSERT INTO STUDENTS(ST_ID,ST_AGE,ST_FIRSTNAME,ST_LASTNAME,ST_EMAIL,ST_DEGREE,ST_GPA,ST_MAJOR,ST_PERFORMANCE) VALUES (2,18,'Khanim','Huseynzada','khuseynzada4335@ada.edu.az','bachelor',4.00,'Information Technologies','Excellent Performance');
INSERT INTO STUDENTS(ST_ID,ST_AGE,ST_FIRSTNAME,ST_LASTNAME,ST_EMAIL,ST_DEGREE,ST_GPA,ST_MAJOR,ST_PERFORMANCE) VALUES  (3,20,'Olya','Verdizada','overdizada4556@ada.edu.az','bachelor',3.43,'Computer Science','Good Performance');
INSERT INTO STUDENTS(ST_ID,ST_AGE,ST_FIRSTNAME,ST_LASTNAME,ST_EMAIL,ST_DEGREE,ST_GPA,ST_MAJOR,ST_PERFORMANCE) VALUES  (4,22,'Leman','Guluzada','lguluzada4453@ada.edu.az','master',3.93,'Computer Engineering','Excellent Performance');
INSERT INTO STUDENTS(ST_ID,ST_AGE,ST_FIRSTNAME,ST_LASTNAME,ST_EMAIL,ST_DEGREE,ST_GPA,ST_MAJOR,ST_PERFORMANCE) VALUES  (5,19,'Nazrin','Ibrahimli','nibrahimli4776@ada.edu.az','bachelor',3.58,'Information Technologies','Very Good Performance');
INSERT INTO STUDENTS(ST_ID,ST_AGE,ST_FIRSTNAME,ST_LASTNAME,ST_EMAIL,ST_DEGREE,ST_GPA,ST_MAJOR,ST_PERFORMANCE) VALUES  (6,19,'Elgun','Dunyamaliyev','edunyamaliyev4776@ada.edu.az','bachelor',3.01,'Information Technologies','Good Performance');
INSERT INTO STUDENTS(ST_ID,ST_AGE,ST_FIRSTNAME,ST_LASTNAME,ST_EMAIL,ST_DEGREE,ST_GPA,ST_MAJOR,ST_PERFORMANCE) VALUES (7,22,'Fuad','Aghazada','fuaghazada6666@ada.edu.az','master',3.12,'Information Technologies','Good Performance');
INSERT INTO STUDENTS(ST_ID,ST_AGE,ST_FIRSTNAME,ST_LASTNAME,ST_EMAIL,ST_DEGREE,ST_GPA,ST_MAJOR,ST_PERFORMANCE) VALUES (8,23,'Gulzar','Baghirzada','gbaghirzada8776@ada.edu.az','master',4.00,'Computer Engineering','Excellent Performance');
INSERT INTO STUDENTS(ST_ID,ST_AGE,ST_FIRSTNAME,ST_LASTNAME,ST_EMAIL,ST_DEGREE,ST_GPA,ST_MAJOR,ST_PERFORMANCE) VALUES (9,21,'Ulkar','Akhundova','uakhundiva4443@ada.edu.az','master',3.49,'Information Technologies','Good Performance');
INSERT INTO STUDENTS(ST_ID,ST_AGE,ST_FIRSTNAME,ST_LASTNAME,ST_EMAIL,ST_DEGREE,ST_GPA,ST_MAJOR,ST_PERFORMANCE) VALUES (10,21,'Fidan','Jafarova','fjafarova8988@ada.edu.az','bachelor',4.00,'Computer Science','Good Performance');
INSERT INTO STUDENTS(ST_ID,ST_AGE,ST_FIRSTNAME,ST_LASTNAME,ST_EMAIL,ST_DEGREE,ST_GPA,ST_MAJOR,ST_PERFORMANCE) VALUES (11,19,'Aysel','Mammadova','amammadova1122@ada.edu.az','bachelor',4.00,'Information Technologies','Excellent Performance');
INSERT INTO STUDENTS(ST_ID,ST_AGE,ST_FIRSTNAME,ST_LASTNAME,ST_EMAIL,ST_DEGREE,ST_GPA,ST_MAJOR,ST_PERFORMANCE) VALUES (12,22,'Heydar','Efendiyev','hefendiyev2223@ada.edu.az','master',3.82,'Computer Science','Very Good Performance');
INSERT INTO STUDENTS(ST_ID,ST_AGE,ST_FIRSTNAME,ST_LASTNAME,ST_EMAIL,ST_DEGREE,ST_GPA,ST_MAJOR,ST_PERFORMANCE) VALUES (13,19,'Ismayil','Aghazada','iaghazada1121@ada.edu.az','bachelor',4.00,'Computer Engineering','Excellent Performance');
INSERT INTO STUDENTS(ST_ID,ST_AGE,ST_FIRSTNAME,ST_LASTNAME,ST_EMAIL,ST_DEGREE,ST_GPA,ST_MAJOR,ST_PERFORMANCE) VALUES (14,22,'Deniz','Aghayeva','daghayeva5443@ada.edu.az','master',4.00,'Information Technologies','Excellent Performance');

INSERT INTO COURSES(COURSE_ID,COURSE_NAME,COURSE_CREDIT,COURSE_GRADE,COURSE_TYPE) VALUES(1111,'Web & Mobile 2',6,69.5,'major');
INSERT INTO COURSES(COURSE_ID,COURSE_NAME,COURSE_CREDIT,COURSE_GRADE,COURSE_TYPE) VALUES(1112,'Financial Accounting',6,59.5,'free elective');
INSERT INTO COURSES(COURSE_ID,COURSE_NAME,COURSE_CREDIT,COURSE_GRADE,COURSE_TYPE) VALUES(1113,'History of Azerbaijan',6,69.5,'general education');
INSERT INTO COURSES(COURSE_ID,COURSE_NAME,COURSE_CREDIT,COURSE_GRADE,COURSE_TYPE) VALUES(1114,'Physics',2,69.5,'major');
INSERT INTO COURSES(COURSE_ID,COURSE_NAME,COURSE_CREDIT,COURSE_GRADE,COURSE_TYPE) VALUES(1115,'Physics 1',2,69.5,'major');
INSERT INTO COURSES(COURSE_ID,COURSE_NAME,COURSE_CREDIT,COURSE_GRADE,COURSE_TYPE) VALUES(1116,'Physics 2',2,69.5,'major');
INSERT INTO COURSES(COURSE_ID,COURSE_NAME,COURSE_CREDIT,COURSE_GRADE,COURSE_TYPE) VALUES(1117,'Physics 3',2,69.5,'major');
INSERT INTO COURSES(COURSE_ID,COURSE_NAME,COURSE_CREDIT,COURSE_GRADE,COURSE_TYPE) VALUES(1118,'Cyber Security Fundamentals',6,69.6,'major');
INSERT INTO COURSES(COURSE_ID,COURSE_NAME,COURSE_CREDIT,COURSE_GRADE,COURSE_TYPE) VALUES(1119,'Principles of Marketing',6,59.5,'free elective');
INSERT INTO COURSES(COURSE_ID,COURSE_NAME,COURSE_CREDIT,COURSE_GRADE,COURSE_TYPE) VALUES(1110,'IT Systems: Hardware & Software',6,69.5,'major');
INSERT INTO COURSES(COURSE_ID,COURSE_NAME,COURSE_CREDIT,COURSE_GRADE,COURSE_TYPE) VALUES(1120,'Chemistry I',6,69.5,'major');
INSERT INTO COURSES(COURSE_ID,COURSE_NAME,COURSE_CREDIT,COURSE_GRADE,COURSE_TYPE) VALUES(1121,'Chemistry II',6,69.6,'major');
INSERT INTO COURSES(COURSE_ID,COURSE_NAME,COURSE_CREDIT,COURSE_GRADE,COURSE_TYPE) VALUES(1131,'Leadership',6,59.6,'general education');

INSERT INTO ENROLLMENTS(ST_ID,COURSE_ID) VALUES(1,1112);
INSERT INTO ENROLLMENTS(ST_ID,COURSE_ID) VALUES(1,1113);
INSERT INTO ENROLLMENTS(ST_ID,COURSE_ID) VALUES(1,1114);
INSERT INTO ENROLLMENTS(ST_ID,COURSE_ID) VALUES(1,1117);
INSERT INTO ENROLLMENTS(ST_ID,COURSE_ID) VALUES(1,1119);
INSERT INTO ENROLLMENTS(ST_ID,COURSE_ID) VALUES(2,1110);
INSERT INTO ENROLLMENTS(ST_ID,COURSE_ID) VALUES(2,1121);
INSERT INTO ENROLLMENTS(ST_ID,COURSE_ID) VALUES(2,1120);
INSERT INTO ENROLLMENTS(ST_ID,COURSE_ID) VALUES(2,1116);
INSERT INTO ENROLLMENTS(ST_ID,COURSE_ID) VALUES(3,1112);
INSERT INTO ENROLLMENTS(ST_ID,COURSE_ID) VALUES(3,1118);
INSERT INTO ENROLLMENTS(ST_ID,COURSE_ID) VALUES(3,1113);
INSERT INTO ENROLLMENTS(ST_ID,COURSE_ID) VALUES(3,1119);
INSERT INTO ENROLLMENTS(ST_ID,COURSE_ID) VALUES(3,1120);
INSERT INTO ENROLLMENTS(ST_ID,COURSE_ID) VALUES(4,1121);
INSERT INTO ENROLLMENTS(ST_ID,COURSE_ID) VALUES(4,1120);
INSERT INTO ENROLLMENTS(ST_ID,COURSE_ID) VALUES(4,1116);
INSERT INTO ENROLLMENTS(ST_ID,COURSE_ID) VALUES(4,1111);
INSERT INTO ENROLLMENTS(ST_ID,COURSE_ID) VALUES(4,1112);
INSERT INTO ENROLLMENTS(ST_ID,COURSE_ID) VALUES(5,1119);
INSERT INTO ENROLLMENTS(ST_ID,COURSE_ID) VALUES(5,1118);
INSERT INTO ENROLLMENTS(ST_ID,COURSE_ID) VALUES(5,1117);
INSERT INTO ENROLLMENTS(ST_ID,COURSE_ID) VALUES(5,1116);
INSERT INTO ENROLLMENTS(ST_ID,COURSE_ID) VALUES(6,1119);
INSERT INTO ENROLLMENTS(ST_ID,COURSE_ID) VALUES(6,1120);
INSERT INTO ENROLLMENTS(ST_ID,COURSE_ID) VALUES(6,1121);






